Advertiser,Committee ID,Supported Candidates,Support Method,Grand Total,Race Type
House Majority PAC,,,,73626050.56,House
SLF PAC,C00571703,,,52702945.42999999,Senate
Illinois Future PAC,C00902320,,,13556044.040000001,Senate
Americans for Prosperity Action,,,,7684995.699999999,Senate
Conservative Texans PAC,C00932707,,,5318377.85,Senate
Cornyn Lonestar Victory Fund,C00866947,,,3631629.48,Senate
Hoosier Leadership for America Inc.,,,,3376381.89,Downballot
American Action Network,C90011230,,,3342993.46,House
American Leadership PAC,C00824292,,,2872307.2199999997,Downballot
314 Action,C90017781,,,2724020.78,House
Lone Star Rising PAC,C00918268,,,2664649.4299999997,Senate
Western States Petroleum Association,,,,1757791.15,Downballot
WBJ Leadership Committee/Jones,,Jones,Name inference,1592668.17,Governor
DLGA PAC,,,,1549596.1600000001,House
Louisiana Freedom Fund,C00906263,,,1545553.84,Senate
Alliance for Economic Freedom,,,,1462496.04,House
Think Big PAC,,,,1457450.1300000001,House
DLGA PAC,,,,1419999.98,Senate
Cornyn Victory Committee,C00770180,,,1318190.51,Senate
Keep America Great PAC,C00689356,,,1297607.21,Senate
Civic Progress Fund,,,,1272271.8399999999,Senate
Alliance Against Corporate Abuse,,,,1125241.69,Downballot
Friends of Byron Donalds PAC,,Byron Donalds,Name inference,993326.76,Governor
The Impact Fund,C90020884,,,974087.6599999999,Senate
American Conservative Fund Action Georgia,,,,965916.03,Downballot
Article One Action Fund,,,,933471.35,House
Club for Growth Action,C00487470,,,882212.98,House
Veterans Duty Fund,C00924282,,,875718.56,House
Blue Dog Action PAC,,,,768799.83,House
Jobs and Democracy PAC,C00928374,,,713375.9099999999,House
EDW Action Fund,C00863472,,,634335.98,House
Article One PAC,C00931774,,,591999.1699999999,House
Sports Betting Alliance,,,,579290.75,Downballot
California Environmental Voters Education Fund,,,,547623.52,Downballot
Republican Main Street Partnership PAC,C00165159,,,546337.9199999999,House
Working Families Party,,,,511484.27999999997,House
Congressional Progressive Caucus PAC,C00513176,,,504846.69,House
Senate Opportunity Fund,,,,503082.47,Senate
Win It Back PAC,C00844613,,,459607.08999999997,Senate
Alamo Freedom Fighters PAC,C00924951,,,390761.83999999997,House
MA Progress Action,,,,362630.92,Senate
American Future Fund,C90011677,,,316975.1,Downballot
Vote Vets Action Fund,,,,310817.64999999997,House
Win It Back PAC,C00844613,,,300028.52999999997,House
CA Association of Health Facilities,,,,276297.11,Downballot
American Affordability Alliance,,,,262055.89,House
SC Conservative Action Fund,C00742296,,,260032.61,Governor
Security is Strength PAC,C00573733,,,258082.94,Senate
The Connecticut Project Action Fund,,,,255195.47,Downballot
Tobacco Free Kids Action Fund,,,,248171.22,Downballot
ClearPath Action Fund,,,,246316.68,Senate
Citizens Alliance PAC,,,,245271.53,Downballot
Hunt Victory Fund,,,,244023.25,Senate
Ken Paxton Victory Fund,C00941914,,,237300.0,Senate
Freedom Caucus Fund,C00552851,,,217264.13999999998,Downballot
Public First Action,,,,217082.01,Governor
Modern Ag Alliance,,,,206602.5,Downballot
American Families for Vaccines Action Fund,,,,192207.15,Downballot
Utah Association of Realtors,,,,188956.52,Downballot
KY PAC,C00944371,,,188351.77,Senate
Let My Doctors Decide Action Network,,,,182424.53,Downballot
Texas Conservative Fund,,,,178501.26,Downballot
"FHRCC 3 PAC (Garrison, Maples, Weinberger)",,,,171189.0,Downballot
Restore Sanity PAC,,,,162229.99000000002,Governor
AFC Victory Fund,C00846683,,,153030.43,Downballot
314 Action,C90017781,,,143068.1,Senate
Crush MAGA PAC,C00879221,,,142419.92,House
Environmental Defense Fund,,,,142159.99,Downballot
Public First Action,,,,139037.22,House
NY State Democratic Committee,,,,136997.0,Governor
Strong PAC,C00937094,,,134201.68,House
RJC Victory Fund,C00528554,,,133762.79,House
Invest in Tomorrow Coalition PAC,C00936997,,,125360.04000000001,Downballot
Texas Defense PAC,,,,121654.26,Downballot
NRDC Action Fund,,,,113211.28,Downballot
American Energy Action,,,,111403.72,Downballot
Chesapeake Climate Action Network,,,,107961.26,Downballot
Consumer Attorneys Initiative Defense PAC,,,,107109.85,Downballot
WFW Action Fund,,,,106825.43,House
Health Action Network,,,,105066.85,Downballot
Take Me Home WV Action,C00905612,,,104303.98,Senate
New York Association of Convenience Stores,,,,104011.49,Downballot
Gift Card Fraud Prevention Alliance,,,,103284.8,Downballot
House Freedom Action,C00662221,,,101729.88,Downballot
Medicare for All PAC,,,,92588.18,House
Americans 4 Security PAC,C00733352,,,91732.88999999998,House
Principled Leadership for Florida,,,,90339.06,Downballot
Commonwealth Together PAC,C00933564,,,87681.79,Senate
American Beverage Association,,,,83628.3,Downballot
Colorado Restaurant Association,,,,80116.94,Downballot
Sentinel Action Fund,,,,79572.66,Senate
Black Voters Matter Action PAC,C00753277,,,79521.89,Senate
Tennessee Employer Benefits Alliance,,,,79144.66,Downballot
New Jersey Education Association,,,,77615.29,Downballot
Community Action for Responsible Hospitals,,,,76900.06,Downballot
Texas Now PAC,,,,76534.01,Downballot
Black Bear PAC,,,,75710.01,Downballot
Lone Star Conservative Action Fund,,,,74491.09,Senate
Sugar Maple PAC,,,,73523.40000000001,Downballot
Alliance for Competitive Power,,,,71668.35,Downballot
House Freedom Action,C00662221,,,68768.54000000001,House
Win It Back PAC,C00844613,,,67168.69,Downballot
Utility Information Alliance,,,,66964.68,Downballot
American Future PAC,,,,66750.03,Downballot
Nuestro PAC,C00744185,,,64153.6,House
Consumer Action for a Strong Economy,,,,61763.8,Downballot
American Bankers Association,C30002851,,,59580.92,Downballot
West Virginia Hospital Association,,,,59038.35,Downballot
Texans United for a Conservative Majority PAC,,,,58229.149999999994,Downballot
Mississippi Voters Alliance,,,,54000.0,Downballot
Fellowship PAC,C00915181,,,51765.94,Governor
Michigan Democratic State Central Committee,C00031054,,,51016.47,Downballot
Auto Care Association,,,,50922.27,Downballot
First Principles PAC,C00893537,,,50844.880000000005,Downballot
RSLC PAC,C00779595,,,50400.0,Downballot
J Street Action Fund,C00815753,,,50000.0,House
Lone Star Liberty PAC,C00901223,,,49131.45,Senate
SC Conservative Action Fund,C00742296,,,48938.03,Governor
Connecticut Hospital Association,,,,48761.17,Downballot
Keep Georgia Strong Action,,,,48532.73,Governor
Michigan Freedom Fund,,,,48447.14000000001,Downballot
Commonwealth Action,,,,47682.11,Downballot
NRDC Action Fund,,,,46160.25,House
Southern Utah Wilderness Alliance,,,,43975.05,Downballot
Delaware Healthcare Association,,,,42490.84,Downballot
PA State Education Association,,,,41816.71,Downballot
Florida House Republican Campaign Committee,,,,40712.42,Downballot
American Conservative Values Action Fund GA,,,,40332.53,Downballot
Clean Power Alliance,,,,40303.29,Downballot
Forward Action Fund/Affordable PA,,,,39679.9,House
Equality PAC,C00550970,,,38749.97,House
Americans for Prosperity Action,,,,35955.92,Downballot
Hospital and HealthSystem Association of PA,,,,34538.42,Downballot
Clean Energy Buyers Association,,,,34024.0,Governor
Stronger Illinois PAC,C00931048,,,33700.03,House
Central Valley Taxpayers Association,,,,33556.51,Downballot
Raise the Bar PAC,,,,33311.99,House
Electronic Transactions Association,,,,33193.9,Downballot
Defending Our Values PAC,C00928390,,,33186.43,House
Republican Party of Pennsylvania,,,,32400.13,Downballot
Project 2026 PAC,,,,32348.44,Senate
California Association of Realtors,,,,31865.85,Downballot
American Affordability Alliance,,,,31504.23,Downballot
Texas Majority PAC,,,,30800.0,Downballot
National Association of Realtors,C70002563,,,30258.97,Senate
Oregon Realtors PAC,,,,29906.03,Downballot
Black Voters Matter Fund,C90017385,,,29573.6,Downballot
National Association Against IGaming,,,,29163.96,Downballot
Virginia Promise in Action,,,,28097.65,Downballot
Texas Oil and Gas Association,,,,28085.78,Downballot
Fellowship PAC,C00915181,,,27830.920000000002,Senate
The Association of Mature American Citizens,,,,26721.31,Downballot
Southwest Florida First PAC,C00906305,,,25880.97,House
7th Amendment PAC,,,,25623.08,Downballot
Neighborhood Energy and Freedom Alliance,,,,25568.83,Downballot
National Infusion Center Association,,,,25292.45,Downballot
Connecticut Education Association (CEA),,,,25250.33,Downballot
Consumer Energy Alliance,,,,25009.48,Downballot
Western Growers Association,,,,24050.02,Downballot
America Great Pac,C00705384,,,23664.69,Senate
Maryland Retailers Alliance,,,,23485.35,Downballot
Committee to Expand the Middle Class,,,,22949.01,Downballot
Realtors PAC,,,,22705.69,Downballot
American Health Care Association,,,,22592.69,Downballot
American Property Casualty Insurance Association (APSIA),,,,22493.03,Downballot
Democratic Governors Association (DGA),,,,22424.47,Downballot
Tobacco Free Kids Action Fund,,,,22317.54,House
National Association of Realtors,C70002563,,,21843.2,Downballot
Planned Parenthood Action Fund,C70004148,,,21813.38,Downballot
Utah Democratic Party,,,,21627.42,Downballot
Texas Freedom Alliance,,,,21489.13,Downballot
Peoples Action Power,C00738237,,,21461.93,House
"Dirk Padgett, Chairman Botetourt County Republican Party",,,,20799.309999999998,Downballot
St. Pete Energy Alliance,,,,20581.89,Downballot
Independent Community of Bankers of America PAC,,,,19995.01,Downballot
Texas Conservative Majority PAC,,,,19652.92,Downballot
Bouchard for Harris County Republican Party Chair,,,,19140.06,Downballot
American Energy Action,,,,18866.83,House
Equality Florida Action,C90020041,,,18514.65,Downballot
Gun Violence Prevention PAC,,,,18468.31,Downballot
California Apartment Association,,,,17714.97,Downballot
Republican State Leadership Committee,C30002067,,,17430.1,Downballot
American Property Owners Alliance,,,,17416.28,Downballot
Alliance for Michigan Power,,,,17181.09,Downballot
Welcome PAC,C00786830,,,17101.0,House
INCS Action Independent Committee,,,,16843.26,Downballot
Problem Solvers Action Fund,,,,16830.94,Downballot
Virginia Education Association,,,,16710.05,Downballot
For Michigan Action Fund,C00886093,,,16669.58,Downballot
Howard Jarvis Taxpayers Association,,,,16600.08,Downballot
Mountaineer Leadership Fund,,,,16386.75,Downballot
Restore Sanity PAC,,,,16111.97,Governor
American Autoimmune Related Disease Association,,,,15998.92,Downballot
"FRSCC 3 PAC (Tomkow, Boyd, DiCeglie)",,,,15763.02,Downballot
J Street Action/Congressional Progressive Caucus PAC,,,,15400.0,House
National Association for Gun Rights,,,,15240.54,Downballot
Mass Opportunity Alliance,,,,15059.11,Downballot
Defend Rural Texas PAC,,,,14789.529999999999,Downballot
Alliance Defending Freedom,,,,14618.27,Downballot
National Redistricting Action Fund,,,,14543.48,Downballot
The Committee to Protect Health Care,,,,14514.18,Downballot
Indigo PAC,C00909465,,,14066.8,Downballot
Clearwater Energy Alliance,,,,13688.99,Downballot
Health Justice Action Fund,,,,13678.0,Downballot
Florida House Republican Campaign Committee,,,,13599.6,Governor
North Star Dawn PAC,C00935973,,,13546.470000000001,Senate
Rolling Sea Action Fund,C00844530,,,13489.98,Senate
Economic Security Project Action,C90021536,,,13179.85,Downballot
New York State Firearms Association,,,,12769.51,Downballot
Democratic Party Of Georgia,,,,12699.96,Downballot
Vermont National Education Association,,,,12263.22,Downballot
The American Centerpoint PAC,C00941518,,,12000.03,House
Conservatives for Law Enforcement and Border Security PAC,,,,11938.99,Downballot
American Future PAC,,,,11900.02,House
Mississippi Voter Alliance,,,,11835.04,Downballot
Texas Path to Freedom PAC,C00921775,,,11703.58,House
California Hotel & Lodging Association,,,,11000.01,Downballot
Action for Health,,,,10947.02,Downballot
California Nurses Association,,,,10854.64,Downballot
Wilderness Society Action Fund,C90018177,,,10833.24,Downballot
Rental Housing Association of Washington,,,,10825.92,Downballot
Pennsylvania Firearms Association,,,,10815.27,Downballot
Community Action for Responsible Housing,,,,10587.98,Downballot
Palmetto State Freedom Alliance,,,,10584.58,Downballot
American Heart Association,,,,10503.08,Downballot
Delaware Hospital Association,,,,10358.96,Downballot
Cooperative Of American Physicians Independent Expenditure Committee,C00492116,,,10300.15,House
Get Illinois Right PAC,,,,10236.03,Downballot
The Good Party,,,,10161.41,Downballot
Doyle for Harris County Democratic Party Chair,,,,10020.0,Downballot
Oregon Restaurant and Lodging Association,,,,10017.04,Downballot
Independent Voter PAC,,,,9843.12,Downballot
Clearpath Action Inc,,,,9699.97,Senate
Riders Alliance,,,,9694.09,Downballot
Democratic Executive Committee Of Florida,C00005561,,,9597.97,Downballot
314 Action,C90017781,,,9451.26,Downballot
Oregon Beverage PAC,,,,9401.84,Downballot
Texas Realtors PAC,,,,9091.88,Downballot
Live Action,,,,8961.19,Downballot
Fairfax County Republican Committee,C00277335,,,8579.99,Downballot
State Government Leadership Foundation,,,,8558.9,Downballot
Think Big PAC,,,,8507.8,Downballot
CASA in Action,C70006481,,,8459.99,Downballot
School Freedom Fund,C00794396,,,8415.63,Downballot
First Amendment Alliance Educational Fund,,,,8399.76,Downballot
Commonwealth Action,,,,8390.55,Governor
Move On PAC,,,,8343.16,Downballot
Concord Coalition Action Fund,,,,8170.69,Downballot
National Black Empowerment Action Fund,,,,8001.07,House
Latino Victory Fund,C00562777,,,7999.95,House
Tennessee Education Association,,,,7958.09,Downballot
American Diabetes Association,,,,7737.49,Downballot
American Firearms Association,C00872432,,,7701.44,Downballot
Civil Service Employees Association-CSEA,,,,7101.61,Downballot
Defending Main Street Super PAC,C00540203,,,7000.07,House
California Grocers Association,,,,6956.04,Downballot
American Federation for Children Action Fund,,,,6905.08,Downballot
National Apartment Association PAC,,,,6898.99,Downballot
Alliance for Patient Access,,,,6854.93,Downballot
New York State Firearms Association,,,,6718.88,Governor
American Job Creation Alliance,,,,6464.98,House
Hispanic Leadership Trust,C00809970,,,6347.22,House
American Gaming Association PAC,,,,6198.01,Downballot
Maremoto Action,,,,6149.98,House
Kentucky Reproductive Freedom Fund,,,,6135.92,Downballot
Oregon Association of Hospitals and Health Systems,,,,6038.97,Downballot
Maryland Democratic Senate Caucus Committee,,,,6013.0,Downballot
LoneStar Liberty PAC,C00901223,,,6001.4800000000005,Senate
TX Democratic Party,C00099267,,,5913.39,Downballot
Tobacco Free Kids Action Fund,,,,5825.47,Senate
Mountaineer Conservative Action,,,,5695.5599999999995,Downballot
Everytown For Gun Safety Action Fund,C90015025,,,5673.64,Downballot
Michigan Parent Alliance for Safe Schools,,,,5673.01,Downballot
Arkansas Black Mayors Association,,,,5628.14,Downballot
Common Ground PAC,C00538835,,,5561.36,Downballot
New Jersey Education Association,,,,5531.75,House
Democratic Governors Association (DGA),,,,5452.72,Governor
5th Congressional District Of Virginia Republican Committee,C00454751,,,5289.97,Downballot
All Out Action Fund,,,,5202.41,Downballot
National Association for Gun Rights,,,,5169.49,House
Washington Alliance for a Competitive Economy,,,,5159.94,Downballot
Alliance for Automotive Innovation,,,,5081.02,Downballot
Working Michigan PAC,,,,4999.96,Downballot
Los Angeles County Democratic Party,,,,4969.02,Downballot
Defend US PAC,C00634261,,,4877.48,Senate
Campaign for Democracy PAC,C00836320,,,4739.56,Governor
The Alliance for Solar Choice,,,,4675.02,Downballot
Louisiana Judicial Integrity PAC,,,,4634.98,Downballot
San Antonio Police Officer Association PAC,,,,4606.56,Downballot
Philly First Super PAC,C00947028,,,4500.0,House
American Prosperity Alliance,,,,4496.5,House
Indiana Senate Majority Campaign Committee,,,,4427.01,Downballot
Farm Team PAC,,,,4423.02,Downballot
Nassau County Republican Committee,C00572305,,,4400.06,Downballot
San Francisco Deputy Sheriff's Association,,,,4383.49,Downballot
The Alliance for Secure AI,,,,4221.08,Downballot
Master Builders Association of King and Snohomish Counties,,,,4016.04,Downballot
St.George PAC,,,,3955.0,Downballot
End Predator Abuse PAC,C00947317,,,3909.22,House
Defend US PAC,C00634261,,,3833.48,Downballot
Power CA Action,,,,3750.95,Downballot
Greater Georgia PAC,,,,3603.11,Downballot
Virginia Hospital & Healthcare Association,,,,3514.0,Downballot
Colorado Progress and Prosperity Fund,,,,3413.19,Downballot
Michigan Firearms Association,,,,3392.84,Downballot
ExcelinEd in Action,,,,3347.05,Downballot
Minnesota Cable Communications Association,,,,3333.96,Downballot
Southern California Fund,C00361410,,,3286.08,Downballot
Citizens Action Coalition,,,,3247.65,Downballot
Homes PAC,,,,3195.99,Downballot
American Conservative Fund,C00927186,,,3059.0,Downballot
Committee to Elect House Republicans,,,,3035.2,Downballot
Webb County Deputy Sheriff's Association,,,,3012.94,Downballot
Earthjustice Action,C90022781,,,2965.2799999999997,Downballot
Community Catalyst Action Fund,,,,2791.28,Downballot
Pennsylvania Taverns and Players Association,,,,2724.67,Downballot
Fairfax County Democratic Committee,,,,2650.69,Downballot
Michigan Health and Hospital Association,,,,2638.02,Downballot
Take Action MN,,,,2541.98,Downballot
ACLU California Action,,,,2401.98,Downballot
New York State Nurses Association,,,,2401.92,Downballot
Public First Action,,,,2341.29,Governor
Illinois Immigrant Action,C90012600,,,2290.96,Downballot
Evergreen Action,,,,2269.86,Downballot
Fair Shot Texas PAC,C90021056,,,2259.95,Downballot
Youth Power PAC,,,,2198.0,House
RightCount Action,,,,2197.86,Downballot
National Education Association,C30000848,,,2160.34,Downballot
National Association for Gun Rights,,,,1902.47,Senate
American Dental PAC,,,,1900.01,House
Interfaith Alliance,,,,1899.38,Downballot
Texas Majority PAC,,,,1875.85,Governor
Texas Heritage Fund,,,,1873.08,Downballot
Democratic Governors Association (DGA),,,,1778.07,House
Chesapeake Climate Action Network,,,,1718.43,House
Vermont Trappers Association,,,,1715.25,Downballot
Progressive Maryland Liberation Alliance PAC,,,,1707.85,Downballot
Minnesota Hospital Association,,,,1673.63,Governor
Drake and O'Brien PAC,,,,1665.02,Downballot
National Association of Realtors,C70002563,,,1630.16,House
NY Republican State Committee,,,,1559.95,Downballot
New Jersey Public Charter Schools Association,,,,1462.76,Downballot
Sullivan County First PAC,C00936690,,,1456.93,Downballot
NY Republican State Committee,,,,1456.0,Governor
Spring Street Climate Fund,,,,1418.06,Governor
Minnesota Democratic Farmer Labor Party,C00025254,,,1383.62,Downballot
Alliance for Safety and Justice,,,,1323.49,Downballot
Texas Organizing Project Political Action Committee,C00756940,,,1305.65,Downballot
Patriot Mobile Action,,,,1274.89,Downballot
Citizens Alliance of Pennsylvania,C90022922,,,1270.78,Downballot
National Hydropower Association,,,,1245.51,Downballot
Foundation PAC,,,,1200.01,Downballot
Alliance for Life,,,,1119.9,Downballot
Regional Alliance for Small Business Executives,C90023334,,,1099.98,House
Students for Life Action,C90020108,,,1090.67,Downballot
California Bankers Association PAC,,,,1049.93,Downballot
Rare Access Action Project,,,,1014.02,Downballot
Physicians Committee For Responsible Medicine,,,,985.87,Downballot
California Families Committee,,,,964.99,Downballot
NC Association of Educators,,,,941.99,Downballot
Prairie Abortion Fund,,,,936.81,Downballot
Illinois Realtors Fund,,,,913.08,Downballot
American Energy Action,,,,862.78,Senate
LA Right to Life Education Committee,,,,852.5,Downballot
Pharmaceutical Care Management Association,,,,821.7,Downballot
32BJ Labor Industry Cooperation Fund,,,,815.08,Downballot
World Wildlife Fund,,,,800.31,Downballot
Texas Truth PAC,C00940460,,,795.13,Downballot
NAACP Legal Defense Fund,,,,774.62,Downballot
DMFI PAC,C00710848,,,712.95,Downballot
Louisiana Hospital Association,,,,709.03,Downballot
Youth Power PAC,,,,696.99,Downballot
Democratic Attorney's General Association,,,,692.02,Downballot
TX Democratic Party,C00099267,,,650.37,Senate
340B Health Pac,,,,632.39,Downballot
Michigan Education Association,C70001342,,,619.99,Downballot
Michigan Hospital Association,,,,619.99,Downballot
Berkeley County Republican Party,,,,610.05,Downballot
Alliance for a Better MN,,,,607.04,Downballot
Unity First PAC,C00876094,,,600.18,Governor
IL Health and Hospital Association,,,,593.11,Downballot
Children First Action Fund,,,,571.41,Downballot
Climate Action Campaign,,,,561.96,Downballot
Tea Party Patriots,,,,556.22,Downballot
Common Sense Leadership Fund,,,,525.0,Downballot
Common Defense Action Fund,C00620021,,,524.09,Senate
Alliance for Consumers Action Fund,,,,495.39,Downballot
PA Senate Republican Campaign Committee,,,,459.97,Downballot
Michigan Infrastructure & Transportation Association,,,,392.18,Downballot
Orange County Democratic Committee,,,,390.04,Downballot
MS Republican Party,,,,378.0,Downballot
Environmental Defense Action Fund,C90014895,,,359.16,House
DMFI PAC,C00710848,,,332.39,House
Minnesota Hospital Association,,,,328.98,Downballot
Anoka-Hennepin Parents Alliance,,,,322.9,Downballot
Convention of States Action,,,,308.4,Downballot
Nevada County Republican Party,C00556605,,,300.02,Governor
Realtors Political Advocacy Committee,,,,290.01,Downballot
National Alliance of New Americans and the Georgia Latino Community Fund,,,,290.01,Downballot
Main Street Alliance,,,,285.63,House
Fair Fight Action,,,,280.0,Downballot
Common Defense Action Fund,C00620021,,,279.72,House
Wastewater Action Alliance,,,,278.19,Downballot
South Carolina Republican Party,C00034033,,,265.02,Downballot
Florida Health Care Association,,,,250.04,Downballot
Protect & Serve PAC,C00716704,,,245.7,Senate
Tea Party Patriots,,,,237.86,Senate
Colorado Center Party,,,,230.02,Downballot
Chronic Care Policy Alliance,,,,229.47,Downballot
Action 4 Liberty,,,,226.63,Downballot
Republican Party of Orange County,C00158402,,,220.01,Downballot
DSEA Advocacy Fund for Children and Public Education,,,,220.01,Downballot
Louisville Democratic Party,,,,217.0,Downballot
Deputy Sheriff's Association of Bexar County,,,,205.03,Downballot
Pennsylvania State Education Association,C70003314,,,200.06,Downballot
Maryland House Democratic Caucus Committee,,,,172.48,Downballot
House Republican Campaign Committee,C00487678,,,167.02,Downballot
New Hampshire Republican State Committee,C00136457,,,166.53,Governor
Illinois Education Association,,,,164.99,Downballot
2nd Congressional District Republican Party,,,,160.02,Downballot
Giffords PAC,C00540443,,,142.03,Downballot
Richland County Republican Party,,,,129.99,Downballot
Committee To Unleash Prosperity,,,,121.94,Downballot
National HOPE Alliance,,,,118.95,House
Wastewater Action Alliance,,,,115.99,Senate
MA Republican Party,C00003111,,,115.73,Downballot
Nassau County Democratic Committee,,,,109.97,Downballot
Sustainable Wildfire Fund California,,,,101.79,Downballot
Southern Alliance for Clean Energy,,,,100.03,Downballot
Alliance for Retired Americans Political Action Fund,C00436188,,,100.03,Downballot
Term Limits Super PAC,,,,94.99,Downballot
Committee to Protect Florida,,,,90.02,Downballot
National Landowners Federation Action Fund,,,,89.95,Downballot
Progressive Maryland Liberation Alliance PAC,,,,80.01,House
Republican Party of Texas,C00143743,,,70.0,Downballot
New Hampshire Republican State Committee,C00136457,,,70.0,Downballot
City Of Manassas Republican Party,,,,70.0,Downballot
Fayette Alliance,,,,67.11,Downballot
MAHA Alliance,C00888172,,,64.96,Downballot
Southern California Fund,C00361410,,,59.99,House
Latino Victory Fund,C00562777,,,50.12,Senate
Animal Legal Defense Fund,,,,50.05,Downballot
Harris County Democratic Party,C00161067,,,49.98,Downballot
Michigan Climate Action Network,,,,47.16,Downballot
Main Street Alliance,,,,45.01,Downballot
Air Line Pilots Association,C00035451,,,44.94,Downballot
American Prosperity Alliance,,,,33.6,Downballot
Fresno Teachers Association PAC,,,,27.88,Downballot
The Squad Victory Fund,C00750166,,,20.02,Downballot
Grayson County Republican Party,,,,10.01,Downballot
Freedom and Opportunity Alliance,,,,8.76,Downballot
Restoration of America PAC,C00571588,,,7.1,Senate
Moms Protecting Children PAC,,,,7.0,Downballot
Illinois Soybean Association,,,,5.67,Downballot
Mountain State Safety Action,,,,0.03,Downballot
Homeland PAC,C00934224,,,0.0,House
WBJ Leadership Committee/Jones,,Jones,Name inference,0.0,Governor
